variable,coefficient,std_error,t_value,p_value
const,372.0040142982691,3.486408723674419,106.70120567682729,0.0
straight_line_km,-1.4460723314906536,0.14036530272892372,-10.302206481065605,1.6197855242753362e-24
